{
  "Yeeye": 7205.927207204413,
  "Uaoyua": 126490.28831505164,
  "Euaye": 31792.0,
  "Caaiuu": 160945.0,
  "Euiiu": 301818.5724183435,
  "Ryau": 361705.0,
  "Couyaao": 101768.75339384713,
  "Zyyua": 109526.0,
  "Coai": 314867.0,
  "Raoiyo": 144023.0,
  "Ieiaiui": 7205.927207204413,
  "Uaaiu": 126490.28831505164,
  "Aueeai": 31792.0,
  "Ciye": 160945.0,
  "Aoeou": 301818.5724183435,
  "Ziyiaai": 361705.0,
  "Coyeye": 101768.75339384713,
  "Uiioa": 109526.0,
  "Eeoyye": 314867.0,
  "Noauay": 144023.0,
  "Zuui": 7205.927207204413,
  "Ueyyyuu": 126490.28831505164,
  "Xiayu": 31792.0,
  "Hoyi": 160945.0,
  "Jiueo": 301818.5724183435,
  "Iuuyooe": 361705.0,
  "Eeaeu": 101768.75339384713,
  "Yuuaee": 109526.0,
  "Ooyoooo": 314867.0,
  "Oiyu": 144023.0,
  "Eiyeyyy": 7205.927207204413,
  "Toyi": 101768.75339384713,
  "Dyyyy": 31792.0,
  "Aiiuau": 160945.0,
  "Zoyeeu": 301818.5724183435,
  "Qyiei": 361705.0,
  "Teouiio": 101768.75339384713,
  "Uauuy": 109526.0,
  "Leiuueu": 314867.0,
  "Coiu": 144023.0,
  "Myyoyea": 7205.927207204413,
  "Oeyu": 126490.28831505164,
  "Iyye": 31792.0,
  "Buouoa": 160945.0,
  "Huiou": 301818.5724183435,
  "Gaay": 361705.0,
  "Kioa": 101768.75339384713,
  "Hyyooeo": 109526.0,
  "Neouyy": 314867.0,
  "Yieea": 144023.0,
  "Uaoeoai": 7205.927207204413,
  "Yueuuuu": 126490.28831505164,
  "Hayyio": 31792.0,
  "Oayuieo": 160945.0,
  "Bauyiie": 301818.5724183435,
  "Zayayoy": 361705.0,
  "Iuyy": 101768.75339384713,
  "Wueioui": 109526.0,
  "Fyyueie": 314867.0,
  "Uuaauee": 144023.0,
  "Fiuu": 7205.927207204413,
  "Doaoa": 126490.28831505164,
  "Yeeau": 31792.0,
  "Wuayau": 160945.0,
  "Eioy": 301818.5724183435,
  "Qiiyo": 361705.0,
  "Yyiey": 101768.75339384713,
  "Xyoee": 109526.0,
  "Uyeaoy": 314867.0,
  "Yyiyauy": 144023.0,
  "Oieuaaa": 7205.927207204413,
  "Ayaaao": 126490.28831505164,
  "Haio": 31792.0,
  "Uaoaioy": 160945.0,
  "Yuyaie": 301818.5724183435,
  "Doiuaa": 361705.0,
  "Eaoyai": 101768.75339384713,
  "Oyyaoy": 109526.0,
  "Teyua": 314867.0,
  "Diaai": 144023.0,
  "Kouio": 7205.927207204413,
  "Yuyei": 126490.28831505164,
  "Zuauuei": 31792.0,
  "Iyioou": 160945.0,
  "Uoeiiu": 301818.5724183435,
  "Iieyii": 361705.0,
  "Peooye": 101768.75339384713,
  "Joeaeya": 109526.0,
  "Ueiu": 314867.0,
  "Goueo": 144023.0,
  "Uuayee": 7205.927207204413,
  "Myuu": 126490.28831505164,
  "Toeaeea": 31792.0,
  "Beaou": 160945.0,
  "Noeoe": 301818.5724183435,
  "Qeaouia": 361705.0,
  "Aaaia": 101768.75339384713,
  "Zuaiaeu": 109526.0,
  "Roauoo": 314867.0,
  "Yyeiya": 144023.0,
  "Ueeaye": 7205.927207204413,
  "Iyio": 126490.28831505164,
  "Euao": 31792.0,
  "Uiiiy": 160945.0,
  "Koaue": 301818.5724183435,
  "Oeuu": 361705.0,
  "Eeyaii": 101768.75339384713,
  "Kyaaiue": 109526.0,
  "Yyieue": 314867.0,
  "Ioiyyo": 144023.0,
  "Aaeea": 7205.927207204413,
  "Coiaau": 126490.28831505164,
  "Teyueoe": 31792.0,
  "Oiyi": 160945.0,
  "Ouyue": 301818.5724183435,
  "Xiieye": 361705.0,
  "Yyyuea": 109526.0,
  "Uoayio": 314867.0,
  "Yuayao": 144023.0,
  "Ouiu": 7205.927207204413
}